<?xml version="1.0" encoding="utf-8"?>
<feed xmlns="http://www.w3.org/2005/Atom"><title>YiLaGuan</title><link href="http://www.yilaguan.cc/" rel="alternate"></link><link href="http://www.yilaguan.cc/feeds/misc.atom.xml" rel="self"></link><id>http://www.yilaguan.cc/</id><updated>2010-12-03T00:00:00+08:00</updated><entry><title>My super title</title><link href="http://www.yilaguan.cc/my-super-post.html" rel="alternate"></link><updated>2010-12-03T00:00:00+08:00</updated><author><name>YiHan</name></author><id>tag:www.yilaguan.cc,2010-12-03:my-super-post.html</id><summary type="html">&lt;p&gt;This is the content of my super blog post.&lt;/p&gt;</summary><category term="thats"></category><category term="awesome"></category></entry></feed>